Target,Target_Code,Model,MAE,RMSE,Pearson_r,R2_Score,BA_Mean_Bias,BA_Lower_LoA,BA_Upper_LoA,BA_Within_LoA_Pct,Unit,Train_Time_Sec
HOMA-IR (Insulin Resistance),homa_ir,Ridge,1.669,2.998,0.501,0.251,-0.001,-5.879,5.877,96.9,Score,0.18
HOMA-IR (Insulin Resistance),homa_ir,Lasso,1.655,3.002,0.5,0.249,-0.0,-5.884,5.884,96.8,Score,0.21
HOMA-IR (Insulin Resistance),homa_ir,Random Forest,1.732,3.085,0.467,0.207,0.136,-5.906,6.177,96.5,Score,11.7
HOMA-IR (Insulin Resistance),homa_ir,LightGBM,1.679,3.047,0.482,0.226,0.015,-5.958,5.989,96.4,Score,6.62
HOMA-IR (Insulin Resistance),homa_ir,XGBoost,1.69,3.053,0.48,0.223,0.05,-5.934,6.034,96.5,Score,12.17
HOMA-IR (Insulin Resistance),homa_ir,Neural Network (MLP),1.642,3.01,0.499,0.245,-0.042,-5.942,5.858,96.9,Score,12.05
HbA1c Glycohemoglobin,hba1c_pct,Ridge,0.338,0.61,0.351,0.123,0.0,-1.196,1.196,97.8,%,0.21
HbA1c Glycohemoglobin,hba1c_pct,Lasso,0.342,0.619,0.347,0.099,0.0,-1.212,1.213,97.8,%,0.21
HbA1c Glycohemoglobin,hba1c_pct,Random Forest,0.35,0.624,0.323,0.083,0.015,-1.207,1.238,97.4,%,12.31
HbA1c Glycohemoglobin,hba1c_pct,LightGBM,0.349,0.615,0.346,0.11,0.002,-1.203,1.207,97.9,%,7.51
HbA1c Glycohemoglobin,hba1c_pct,XGBoost,0.348,0.612,0.36,0.118,0.01,-1.189,1.21,97.4,%,9.74
HbA1c Glycohemoglobin,hba1c_pct,Neural Network (MLP),0.397,0.655,0.273,-0.009,-0.012,-1.295,1.271,97.5,%,28.01
Fasting Plasma Glucose,fasting_glucose_mgdl,Ridge,9.436,18.87,0.325,0.105,-0.006,-36.998,36.986,98.0,mg/dL,0.18
Fasting Plasma Glucose,fasting_glucose_mgdl,Lasso,9.394,18.851,0.327,0.107,0.002,-36.951,36.956,98.1,mg/dL,0.19
Fasting Plasma Glucose,fasting_glucose_mgdl,Random Forest,10.091,19.723,0.239,0.022,0.7,-37.938,39.338,97.7,mg/dL,13.3
Fasting Plasma Glucose,fasting_glucose_mgdl,LightGBM,10.0,19.372,0.277,0.057,0.287,-37.683,38.258,97.8,mg/dL,6.84
Fasting Plasma Glucose,fasting_glucose_mgdl,XGBoost,9.95,19.369,0.278,0.057,0.381,-37.581,38.344,97.6,mg/dL,9.08
Fasting Plasma Glucose,fasting_glucose_mgdl,Neural Network (MLP),10.553,19.628,0.269,0.032,0.343,-38.128,38.814,97.9,mg/dL,38.25
